"","ID","Label","Database","InChI"
"51",17604,"Pantothenic acid","nist17","InChI=1S/C9H17NO5/c1-9(2,5-11)7(14)8(15)10-4-3-6(12)13/h7,11,14H,3-5H2,1-2H3,(H,10,15)(H,12,13)/t7-/m0/s1"
"267",2284,"3-Indolepropionic acid ","mona","InChI=1S/C11H11NO2/c13-11(14)6-5-8-7-12-10-4-2-1-3-9(8)10/h1-4,7,12H,5-6H2,(H,13,14)"
"269",10913,"Octopine ","mona","InChI=1S/C9H18N4O4/c1-5(7(14)15)13-6(8(16)17)3-2-4-12-9(10)11/h5-6,13H,2-4H2,1H3,(H,14,15)(H,16,17)(H4,10,11,12)/t5-,6-/m0/s1 "
"270",4065,"Acetylcitrulline ","mona","InChI=1S/C8H15N3O4/c1-5(12)11-6(7(13)14)3-2-4-10-8(9)15/h6H,2-4H2,1H3,(H,11,12)(H,13,14)(H3,9,10,15)/t6-/m0/s1"
"276",8478,"3-oxo-C8-homoserine lactone ","mona","InChI=1S/C12H19NO4/c1-2-3-4-5-9(14)8-11(15)13-10-6-7-17-12(10)16/h10H,2-8H2,1H3,(H,13,15)"
"282",18470,"N-Methylphenylalanine ","mona","InChI=1S/C10H13NO2/c1-11-9(10(12)13)7-8-5-3-2-4-6-8/h2-6,9,11H,7H2,1H3,(H,12,13)/t9-/m0/s1"
"3",9995,"Arg-Ala","nist17","InChI=1S/C9H19N5O3/c1-5(8(16)17)14-7(15)6(10)3-2-4-13-9(11)12/h5-6H,2-4,10H2,1H3,(H,14,15)(H,16,17)(H4,11,12,13)/t5-,6-/m0/s1"
"34",720,"Nicotinamide riboside cation","nist17","InChI=1S/C11H14N2O5/c12-10(17)6-2-1-3-13(4-6)11-9(16)8(15)7(5-14)18-11/h1-4,7-9,11,14-16H,5H2,(H-,12,17)/p+1/t7-,8-,9-,11-/m1/s1"
"44",17552,"Arg-Leu","nist17","InChI=1S/C12H25N5O3/c1-7(2)6-8(13)10(18)17-9(11(19)20)4-3-5-16-12(14)15/h7-9H,3-6,13H2,1-2H3,(H,17,18)(H,19,20)(H4,14,15,16)"
"52",6686,"Tyr-Ile","nist17","InChI=1S/C15H22N2O4/c1-3-9(2)13(15(20)21)17-14(19)12(16)8-10-4-6-11(18)7-5-10/h4-7,9,12-13,18H,3,8,16H2,1-2H3,(H,17,19)(H,20,21)/t9-,12-,13-/m0/s1"
"66",9076,"Ile-Trp","nist17","InChI=1S/C17H23N3O3/c1-3-10(2)15(18)16(21)20-14(17(22)23)8-11-9-19-13-7-5-4-6-12(11)13/h4-7,9-10,14-15,19H,3,8,18H2,1-2H3,(H,20,21)(H,22,23)/t10-,14-,15+/m0/s1"
"93",8744,"Pro-Trp","nist17","InChI=1S/C16H19N3O3/c20-15(13-6-3-7-17-13)19-14(16(21)22)8-10-9-18-12-5-2-1-4-11(10)12/h1-2,4-5,9,13-14,17-18H,3,6-8H2,(H,19,20)(H,21,22)/t13-,14+/m1/s1"
"101",2101,"trans-Zeatin","nist17","InChI=1S/C10H13N5O/c1-7(4-16)2-3-11-9-8-10(13-5-12-8)15-6-14-9/h2,5-6,16H,3-4H2,1H3,(H2,11,12,13,14,15)/b7-2+"
"111",1487,"Acetyl coenzyme A","nist17","InChI=1S/C23H38N7O17P3S/c1-12(31)51-7-6-25-14(32)4-5-26-21(35)18(34)23(2,3)9-44-50(41,42)47-49(39,40)43-8-13-17(46-48(36,37)38)16(33)22(45-13)30-11-29-15-19(24)27-10-28-20(15)30/h10-11,13,16-18,22,33-34H,4-9H2,1-3H3,(H,25,32)(H,26,35)(H,39,40)(H,41,42)(H2,24,27,28)(H2,36,37,38)/t13-,16-,17-,18?,22-/m1/s1"
"117",13270,"Leu-Phe","nist17","InChI=1S/C15H22N2O3/c1-10(2)8-12(16)14(18)17-13(15(19)20)9-11-6-4-3-5-7-11/h3-7,10,12-13H,8-9,16H2,1-2H3,(H,17,18)(H,19,20)/t12-,13-/m0/s1"
"119",18797,"7-Keto-8-aminopelargonic acid","nist17","InChI=1S/C9H17NO3/c1-7(10)8(11)5-3-2-4-6-9(12)13/h7H,2-6,10H2,1H3,(H,12,13)/t7-/m0/s1"
"122",11750,"Phe-Ile","nist17","InChI=1S/C15H22N2O3/c1-3-10(2)13(15(19)20)17-14(18)12(16)9-11-7-5-4-6-8-11/h4-8,10,12-13H,3,9,16H2,1-2H3,(H,17,18)(H,19,20)/t10-,12-,13-/m0/s1"
"161",8759,"Arg-Gly","nist17","InChI=1S/C8H17N5O3/c9-5(2-1-3-12-8(10)11)7(16)13-4-6(14)15/h5H,1-4,9H2,(H,13,16)(H,14,15)(H4,10,11,12)/t5-/m0/s1"
"170",18333,"Spectral Match to Val-Trp from NIST14","nist17","InChI=1S/C16H21N3O3/c1-9(2)14(17)15(20)19-13(16(21)22)7-10-8-18-12-6-4-3-5-11(10)12/h3-6,8-9,13-14,18H,7,17H2,1-2H3,(H,19,20)(H,21,22)/t13-,14-/m0/s1"
"183",8525,"Spectral Match to Phe-Trp from NIST14","nist17","InChI=1S/C20H21N3O3/c21-16(11-14-12-22-17-9-5-4-8-15(14)17)19(24)23-18(20(25)26)10-13-6-2-1-3-7-13/h1-9,12,16,18,22H,10-11,21H2,(H,23,24)(H,25,26)"
"199",27233,".alpha.-L-Asp-L-Lys","nist17","InChI=1S/C10H19N3O5/c11-4-2-1-3-7(10(17)18)13-9(16)6(12)5-8(14)15/h6-7H,1-5,11-12H2,(H,13,16)(H,14,15)(H,17,18)/t6-,7-/m0/s1"
"220",1835,"Indican","nist17","InChI=1S/C14H17NO6/c16-6-10-11(17)12(18)13(19)14(21-10)20-9-5-15-8-4-2-1-3-7(8)9/h1-5,10-19H,6H2/t10-,11-,12+,13-,14-/m1/s1"
"228",18805,"N-Acetylmuramic Acid","nist17","InChI=1S/C11H19NO8/c1-4(10(16)17)19-9-7(12-5(2)14)11(18)20-6(3-13)8(9)15/h4,6-9,11,13,15,18H,3H2,1-2H3,(H,12,14)(H,16,17)/t4-,6-,7-,8-,9-,11+/m1/s1"
"231",10319,"Spectral Match to Ile-Pro-Ile from NIST14","nist17","InChI=1S/C17H31N3O4/c1-5-10(3)13(18)16(22)20-9-7-8-12(20)15(21)19-14(17(23)24)11(4)6-2/h10-14H,5-9,18H2,1-4H3,(H,19,21)(H,23,24)"
"236",18530,"Arg-Phe","nist17","InChI=1S/C15H23N5O3/c16-11(7-4-8-19-15(17)18)13(21)20-12(14(22)23)9-10-5-2-1-3-6-10/h1-3,5-6,11-12H,4,7-9,16H2,(H,20,21)(H,22,23)(H4,17,18,19)/t11-,12-/m0/s1"
